File,tag
Happy_Gorillaz___Superfast_Jellyfish_(feat._Gruff_Rhys___De_La_Soul)___8380907.wav,Happy
Confident_James_Brown___Funky_Drummer___580171.wav,Confident
Happy_Foster_the_People___Pumped_Up_Kicks___13938659.wav,Happy
Passionate_British_Sea_Power___Open_The_Door___1969421.wav,Passionate
Sad_Radiohead___Bullet_Proof...I_Wish_I_Was___4501451.wav,Sad
"Playful_Henri_Salvador___Mais_non,_mais_non___4678127.wav",Playful
Happy_Reel_Big_Fish___Good_Thing___3369826.wav,Happy
Passionate_Bryan_Adams___(Everything_I_Do)_I_Do_It_For_You___163384.wav,Passionate
Sad_Polly_Scattergood___Breathe_In_Breathe_Out___4377423.wav,Sad
Sad_Jimmy_Eat_World___Hear_You_Me___2435926.wav,Sad
Confident_Queen_of_Japan___I_Was_Made_For_Loving_You_(Remix)___995740.wav,Confident
Passionate_Eftos___Childbed_depression___2954045.wav,Passionate
Happy_Bishop_Allen___Dimmer___4460939.wav,Happy
Confident_Ian_Brown___Golden_Gaze___166643.wav,Confident
Passionate_Kiki___Herb___Lilybelle___7334234.wav,Passionate
Passionate_Yma_Sumac___Panarima___1180074.wav,Passionate
Confident_Michael_Jackson___Blood_On_The_Dance_Floor___5943998.wav,Confident
Confident_Deep_Purple___Hush___8707216.wav,Confident
Sad_Moby___When_It_s_Cold_I_d_Like_to_Die___1420158.wav,Sad
Playful_The_Hold_Steady___The_Swish___707644.wav,Playful
Playful_Esa_Pakarinen___Lentävä_kalakukko___3685669.wav,Playful
Sad_Brandi_Carlile___That_Year___6639904.wav,Sad
Earnest_Shivaree___Goodnight_Moon___273028.wav,Earnest
Happy_Patrick_Wolf___Get_Lost___603091.wav,Happy
"Earnest_The_Decemberists___July,_July!___6048130.wav",Earnest
Sad_Cold___Feel_It_in_Your_Heart___1140762.wav,Sad
Happy_The_Shins___Australia___1145052.wav,Happy
Playful_Sarah_Cracknell___Anymore___1757275.wav,Playful
Confident_Steve_Ellington_Band___Anfang_(Intro)___5057186.wav,Confident
Sad_Cat_Power___Names___1193182.wav,Sad
Passionate_Stevie_Wonder___All_I_Do_(is_think_about_you)___626.wav,Passionate
Happy_Roxette___June_Afternoon___123458.wav,Happy
Happy_Vampire_Weekend___Cape_Cod_Kwassa_Kwassa___2093103.wav,Happy
Playful_mclusky___Gareth_Brown_Says___309345.wav,Playful
Confident_Cut_Copy___Going_Nowhere_[Whitey_Remix]___264280.wav,Confident
Sad_Savage_Garden___I_Don_t_Know_You_Anymore___3228946.wav,Sad
Playful_Amy_Winehouse___Tears_Dry_On_Their_Own_(NYPC_s_Fucked_Mix)___1573954.wav,Playful
Playful_Justin_Timberlake___My_Love_feat._T.I___6020433.wav,Playful
Playful_Leila___Little_Acorns_(feat._Khemahl___Thaon_Richardson)___3556198.wav,Playful
Sad_Yeah_Yeah_Yeahs___Runaway___4428288.wav,Sad
Earnest_Dave_Matthews_Band___Gravedigger___9690976.wav,Earnest
Sad_The_Streets___Never_Went_to_Church___590379.wav,Sad
Happy_Owl_City___Captains_and_Cruise_Ships___4346145.wav,Happy
Confident_Fredrik___Alina_s_Place___6864134.wav,Confident
Happy_Clark___Future_Daniel___5565887.wav,Happy
Confident_Travis___Safe___7101536.wav,Confident
Playful_LUCE___Good_Day___6635335.wav,Playful
Playful_Ray_Charles___Hey_Girl_(with_Michael_McDonal___432560.wav,Playful
Happy_The_Boy_Least_Likely_To___Be_Gentle_With_Me___199086.wav,Happy
Happy_Fool_s_Gold___Surprise_Hotel___10443342.wav,Happy
Sad_Fleetwood_Mac___Beautiful_Child___8087736.wav,Sad
Sad_Craig_Armstrong___Wake_Up_in_New_York___298792.wav,Sad
Happy_Counting_Crows___Accidentally_In_Love___3846.wav,Happy
Confident_Dave_Matthews_Band___Hello_Again___5797959.wav,Confident
Sad_Kate_Bush___This_Woman_s_Work___13509891.wav,Sad
Happy_nevershoutnever!___Happy___5654828.wav,Happy
Playful_Ray_Charles___Hallelujah_I_Love_Her_So_(Live___1436905.wav,Playful
Confident_Imogen_Heap___Goodnight_and_Go___4298184.wav,Confident
Earnest_Coldplay___Twisted_Logic___118138.wav,Earnest
Happy_Miss_Li___Good_Morning___10687672.wav,Happy
Confident_Murs___Yesterday___370355.wav,Confident
Passionate_The_Tea_Party___Coming_Home___4500984.wav,Passionate
Sad_The_Good_Life___Inmates___1126894.wav,Sad
Sad_3OH!3___Still_Around___3043606.wav,Sad
Earnest_Frightened_Rabbit___Be_Less_Rude___3671732.wav,Earnest
Playful_Rodney_Hunter___Without_Warning_feat._Hubert_Tubbs___10470391.wav,Playful
Happy_Smash_Mouth___Why_Can_t_We_Be_Friends___196829.wav,Happy
Earnest_Sinéad_O_Connor___The_Emperor_s_New_Clothes___4677981.wav,Earnest
Earnest_St_Michael_Avenue___Tales_Of_Cornia___4981703.wav,Earnest
Earnest_Simon___Garfunkel___Bookends_Theme___3280269.wav,Earnest
Confident_L.E.G.A.C.Y.___Cold_as_A_Butcher_[Clean]___5158767.wav,Confident
Happy_Olly_Murs___Please_Don_t_Let_Me_Go___10457080.wav,Happy
Earnest_Heart___Alone___273761.wav,Earnest
Earnest_Air___Kelly_Watch_The_Stars___104253.wav,Earnest
Confident_Billy_Bragg___A_New_England___2410112.wav,Confident
Confident_The_Pussycat_Dolls___I_Don_t_Need_A_Man___178722.wav,Confident
Passionate_Paper_Bird___I_Want_You___11383358.wav,Passionate
Confident_Gang_Starr___In_This_Life_(feat._Snoop_Dogg___Uncle_Reo)___352239.wav,Confident
Playful_Man_Man___Against_The_Peruvian_Monster___6111716.wav,Playful
Happy_Atomic_Tom___Take_Me_Out___10208610.wav,Happy
Sad_Yo_La_Tengo___I_Feel_Like_Going_Home___438638.wav,Sad
Happy_Traveling_Wilburys___End_of_the_Line___1096944.wav,Happy
Playful_Nina_Simone___The_Turning_Point___3155091.wav,Playful
Earnest_Eric_B.___Rakim___Paid_In_Full_(Seven_Minutes_Of_Music_-_The_Coldcut_Remix)___6551485.wav,Earnest
Earnest_Norah_Jones___My_Dear_Country___570304.wav,Earnest
Passionate_mind.in.a.box___Take_My_Soul___7467345.wav,Passionate
Sad_Britney_Spears___Where_Are_You_Now___3387789.wav,Sad
Confident_U2___I_Will_Follow___3095753.wav,Confident
Playful_Men_At_Work___Snakes_And_Ladders___3188696.wav,Playful
Sad_Aqua___My_Mamma_Said___6355936.wav,Sad
Sad_She_Wants_Revenge___Disconnect___3925875.wav,Sad
Confident_Jamiroquai___Radio___3527411.wav,Confident
Earnest_Janis_Ian___Fly_Too_High___6253341.wav,Earnest
Sad_Kashmir___Bewildered_In_The_City___7745819.wav,Sad
Confident_Nelly___Hot_In_Herre___11125204.wav,Confident
Earnest_Superchunk___Throwing_Things___10705080.wav,Earnest
Passionate_John_Most___Fourteen___780858.wav,Passionate
Passionate_Jeff_Buckley___Eternal_Life_(Live)___3290002.wav,Passionate
Happy_Supergrass___Alright___7388.wav,Happy
Happy_Teenage_Fanclub___Baby_Lee___9058089.wav,Happy
Sad_Brand_New___Good_to_Know_That_If_I_Ever_Need_Attention_All_I_Have_to_Do_Is_Die___394177.wav,Sad
Confident_Cam_Ron___Harlem_Streets___3441416.wav,Confident
Earnest_Radiohead___Let_Down___9090.wav,Earnest
Sad_Noah_And_The_Whale___The_First_Days_Of_Spring___6089648.wav,Sad
Confident_Dave_Matthews_Band___Proudest_Monkey___10562862.wav,Confident
Passionate_John_Most___Dreams_Will_Be_Sounds___12288476.wav,Passionate
Earnest_Saint_Etienne___The_Bad_Photographer___3578974.wav,Earnest
Playful_Acoustic_Alchemy___Cadaques___555838.wav,Playful
Passionate_Nicky_Wire___Sehnsucht___3513369.wav,Passionate
Passionate_Luxury_Stranger___Substance___4604819.wav,Passionate
Confident_Jimi_Hendrix___All_Along_The_Watchtower___7450753.wav,Confident
Happy_The_Rocket_Summer___So_Much_Love___2093377.wav,Happy
Playful_Autechre___Vletrmx_(Plaid_remix)___13634933.wav,Playful
Happy_The_Rocket_Summer___Brat_Pack___2658388.wav,Happy
Earnest_Donny_Hathaway___A_Song_For_You___684608.wav,Earnest
Confident_Steve_Ellington_Band___Kiss_(Dance_Mix)___4927552.wav,Confident
Happy_Four_Tet___Hilarious_Movie_of_the_90_s___5497503.wav,Happy
Happy_Electric_Light_Orchestra___Mr._Blue_Sky___13876355.wav,Happy
Earnest_Simon___Garfunkel___The_Boxer___4900799.wav,Earnest
Playful_The_Flower_Kings___I_Am_The_Sun_(part_Two)___7709580.wav,Playful
Playful_Kelis___In_Public_feat_Nas___2223547.wav,Playful
Playful_NOFX___Drug_Free_America___1082085.wav,Playful
Happy_Crystal_Fighters___Plage___10936046.wav,Happy
Confident_Ray_Charles___It_Was_A_Very_Good_Year_(with___432559.wav,Confident
Passionate_Spell_Toronto___Free_Topless_Party___11937825.wav,Passionate
Confident_Steve_Ellington_Band___The_Great_S.McQueen___5078541.wav,Confident
Earnest_Dave_Matthews_Band___When_The_World_Ends___5417279.wav,Earnest
Sad_Brad_Paisley___Whiskey_Lullaby___11119244.wav,Sad
Happy_Harry_Belafonte___Jump_In_The_Line___3376319.wav,Happy
Happy_The_Proclaimers___I_m_Gonna_Be_(500_Miles)___6334.wav,Happy
Happy_The_Go!_Team___Ladyflash___734560.wav,Happy
Happy_The_Cat_Empire___The_Car_Song___4122339.wav,Happy
Earnest_Asia___Don_t_Call_Me___7703634.wav,Earnest
Playful_Kelley_Stoltz___I_Nearly_Lost_My_Mind___2207071.wav,Playful
Earnest_Manic_Street_Preachers___Ifwhiteamericatoldthetruthforonedayit_sworldwouldfallapart___3133011.wav,Earnest
Playful_Harry_Nilsson___Bath___7410710.wav,Playful
Happy_of_Montreal___Wraith_Pinned_to_the_Mist_and_Other_Games___7959395.wav,Happy
Passionate_Lou_Rhodes___They_Say___6351274.wav,Passionate
Playful_The_Music___Guide___9403.wav,Playful
Happy_Finley_Quaye___Sunday_Shining___3162054.wav,Happy
Confident_2Pac___Hit__Em_Up___5980198.wav,Confident
Sad_Muse___Unintended___5765048.wav,Sad
Sad_Enrique_Iglesias___Addicted___3780075.wav,Sad
Playful_Regina_Spektor___Carbon_Monoxide___685440.wav,Playful
Happy_Cloud_Cult___Journey_of_the_Featherless___12416331.wav,Happy
Happy_Sia___Clap_Your_Hands___9511700.wav,Happy
Happy_Karen_O_And_The_Kids___Rumpus___6542908.wav,Happy
Sad_Sia___I_Go_To_Sleep___2044994.wav,Sad
Confident_St_Michael_Avenue___Baby_Come_Back___4981706.wav,Confident
Sad_Britney_Spears___Shadow___3410855.wav,Sad
Passionate_Millencolin___Dragster___1430595.wav,Passionate
Earnest_The_Boomtown_Rats___I_Don_t_Like_Mondays___24294.wav,Earnest
Sad_Jets_To_Brazil___Sea_Anemone___7593156.wav,Sad
Passionate_John_Most___One___780845.wav,Passionate
Sad_Yellowcard___Dear_Bobbie___3088650.wav,Sad
Happy_Dale_Earnhardt_Jr._Jr.___Vocal_Chords___11112868.wav,Happy
Sad_Sufjan_Stevens___Flint_(For_the_Unemployed_and_Underpaid)___2937095.wav,Sad
Confident_Dave_Matthews_Band___Granny___5415992.wav,Confident
Happy_MIKA___Blue_Eyes___6253887.wav,Happy
Earnest_Pete_Townshend___A_Little_Is_Enough___5213735.wav,Earnest
Confident_Little_Brother___Minstrel_Show_Closing_Theme_(Featuring_Yahzarah)_(Amended_Version)___181324.wav,Confident
Earnest_Simon___Garfunkel___America___4900806.wav,Earnest
Playful_We_Are_Scientists___Let_s_See_It___2277192.wav,Playful
Playful_Flogging_Molly___You_Won_t_Make_a_Fool_out_of_Me___2348402.wav,Playful
Earnest_Dave_Matthews_Band___Dream_Girl___5797953.wav,Earnest
Passionate_Mos_Def___The_Beggar___15813.wav,Passionate
"Confident_Jason_Mraz___On_Love,_In_Sadness___1139538.wav",Confident
Playful_Screeching_Weasel___Veronica_Hates_Me___3506652.wav,Playful
Sad_Chris_Garneau___Black___Blue___2930024.wav,Sad
Passionate_Tina_Turner___A_Change_Is_Gonna_Come___243408.wav,Passionate
Confident_Frank_Sinatra___My_Way___4014418.wav,Confident
Happy_Newton_Faulkner___People_Should_Smile_More___3126001.wav,Happy
Passionate_Stabbing_Westward___Inside_You___3143178.wav,Passionate
Confident_En_Vogue___Don_t_Let_Go_(Love)___494913.wav,Confident
Happy_Los_Campesinos!___You!_Me!_Dancing!___2203478.wav,Happy
Happy_Room_Eleven___Lalala_Love___2329301.wav,Happy
Confident_Souls_of_Mischief___Save_the_Babies_(Conflict)___2911537.wav,Confident
Happy_nevershoutnever!___bigcitydreams___5879607.wav,Happy
Happy_Ben_Lee___Catch_My_Disease___2849878.wav,Happy
Earnest_The_Waterboys___Medicine_Bow_(Live_BBC)___4074488.wav,Earnest
Confident_Belinda___Ni_Freud_Ni_Tu_Mama___475165.wav,Confident
Happy_fun.___All_The_Pretty_Girls___8904112.wav,Happy
Sad_The_Replacements___Here_Comes_A_Regular___3591290.wav,Sad
Confident_Dave_Matthews_Band___If_I_Had_It_All___5416074.wav,Confident
Playful_George_Michael___I_Want_Your_Sex_(Part_2)___12143633.wav,Playful
Happy_Junior_Senior___Chicks_and_Dicks___3749464.wav,Happy
Happy_The_Boy_Least_Likely_To___I_m_Glad_I_Hitched_My_Apple_Wagon_To_Your_Star___199092.wav,Happy
Playful_Bo_Diddley___Say_Man___10666665.wav,Playful
Confident_Sinéad_O_Connor___Mandinka___11861.wav,Confident
Confident_Barry_Ryan___Kitsch___751757.wav,Confident
Sad_Spiritualized___Broken_Heart___7066331.wav,Sad
Confident_Orbital___Halcyon_+_On_+_On___20797.wav,Confident
Happy_Bob_Sinclar___Love_Generation___2574847.wav,Happy
Earnest_Radiohead___Lucky___4501742.wav,Earnest
Happy_St._Vincent___Black_Rainbow___4675865.wav,Happy
Happy_The_Raveonettes___Bang!___6619572.wav,Happy
Confident_The_Notorious_B.I.G.___Juicy___553342.wav,Confident
Passionate_Kate_Bush___Cloudbusting___13805824.wav,Passionate
Sad_Pixie_Lott___Nothing_Compares___11087548.wav,Sad
Confident_Tracy_Chapman___New_Beginning___3734467.wav,Confident
Sad_Nick_Drake___Parasite___2289.wav,Sad
Playful_Ultra_Bra___Tyttöjen_välisestä_ystävyydestä___7120792.wav,Playful
Earnest_The_All-American_Rejects___Swing_Swing___3511344.wav,Earnest
Happy_Aqua___Happy_Boys___Girls___6355939.wav,Happy
Passionate_Death_by_Stereo___Let_Down_and_Alone___1083256.wav,Passionate
Happy_The_Cat_Empire___Sol_y_Sombra___4122342.wav,Happy
Confident_Joanna_Cotten___Funkabilly___1398959.wav,Confident
Confident_Dave_Matthews_Band___When_The_World_Ends___5417279.wav,Confident
Passionate_Funeral_For_A_Friend___Rules_and_Games___3632693.wav,Passionate
Happy_The_Cure___Doing_The_Unstuck___23799.wav,Happy
Happy_Pet_Shop_Boys___Se_a_vida_é_(That_s_the_Way_Life_Is)___11141100.wav,Happy
Playful_Erik_Sumo_Band___Show_Me_The_Light___8229108.wav,Playful
Sad_American_Hi-Fi___Another_Perfect_Day___2356569.wav,Sad
Confident_Michael_Jackson___Earth_Song___6930068.wav,Confident
Earnest_The_Police___Don_t_Stand_So_Close_To_Me___1081603.wav,Earnest
Confident_Nikka_Costa___(Out_Here)_On_My_Own___297635.wav,Confident
Confident_Golden_Earring___I_do_rock__n__roll___10911362.wav,Confident
Passionate_Del_Castillo___Días_De_Los_Ángeles___10900296.wav,Passionate
Confident_Destiny_s_Child___Lose_My_Breath___3537144.wav,Confident
Sad_DeVotchKa___How_It_Ends___2317521.wav,Sad
Happy_fun.___At_Least_I_m_Not_As_Sad_(As_I_Used_To_Be)___8904118.wav,Happy
Earnest_Dave_Matthews_Band___I_Did_It___5417280.wav,Earnest
Confident_The_Nerves___Hanging_on_the_Telephone___5697239.wav,Confident
Happy_Sophie_Ellis-Bextor___I_Won_t_Change_You___3921410.wav,Happy
Passionate_mclusky___Random_Celebrity_Insult_Generator_(SBN_Session)___309307.wav,Passionate
Passionate_Thalía___Desolvidandote___2945996.wav,Passionate
Happy_Jason_Mraz___Life_Is_Wonderful___293973.wav,Happy
Earnest_Styx___Babe___169777.wav,Earnest
Sad_Jewel___Pieces_of_You___7555247.wav,Sad
Passionate_Kate_Bush___This_Woman_s_Work___13509891.wav,Passionate
Playful_Shugo_Tokumaru___Light_Chair___5092618.wav,Playful
Confident_Ryan_Adams___Goodnight_Rose___1808051.wav,Confident
Passionate_Miles_Davis___Marcus_Miller___Los_Feliz___3988667.wav,Passionate
Confident_ABBA___Lay_All_Your_Love_On_Me___2853694.wav,Confident
Sad_Green_Day___Wake_Me_Up_When_September_Ends___229311.wav,Sad
Confident_Ray_Charles___You_Are_My_Sunshine___5105984.wav,Confident
Happy_Belle_and_Sebastian___Legal_Man___9843428.wav,Happy
Playful_Acoustic_Alchemy___The_Better_Shoes___555841.wav,Playful
Happy_Lily_Allen___LDN___4127828.wav,Happy
Happy_Modest_Mouse___Float_On___3275055.wav,Happy
Earnest_The_Decemberists___Leslie_Anne_Levine___6048120.wav,Earnest
Confident_The_Beach_Boys___Marcella___3375784.wav,Confident
Happy_The_Go!_Team___Get_It_Together___7040670.wav,Happy
Passionate_Kamelot___The_Haunting_(Somewhere_in_Time)___5452731.wav,Passionate
Happy_P!nk___Boring___3721683.wav,Happy
Confident_2Pac___Hit__Em_Up___11209652.wav,Confident
Confident_Tina_Turner___A_Change_Is_Gonna_Come___243408.wav,Confident
Earnest_Pearl_Jam___Given_To_Fly___3269656.wav,Earnest
Confident_Jamiroquai___Little_L___3109369.wav,Confident
Earnest_Bon_Iver___Lump_Sum___2327538.wav,Earnest
Playful_Kelpe___Panpipe_Dreams_(Goodnight)___760574.wav,Playful
Sad_The_Spill_Canvas___The_Tide___1242869.wav,Sad
Happy_Relient_K___Up_And_Up___698694.wav,Happy
Confident_Lady_Sovereign___Random_(Menta_Remix_ft._Riko)___721488.wav,Confident
Happy_MIKA___Love_Today___602908.wav,Happy
"Earnest_Dave_Matthews_Band___Drive_In,_Drive_Out___10562857.wav",Earnest
Sad_Nick_Drake___Milk_And_Honey___1212333.wav,Sad
Sad_Kate_Nash___Nicest_Thing___2248025.wav,Sad
Sad_Maroon_5___Better_That_We_Break___3848140.wav,Sad
Playful_Ultra_Bra___Heppa___7120575.wav,Playful
"Passionate_Bryan_Adams___Everything_I_Do,_I_Do_It_For_You___217380.wav",Passionate
Passionate_Eftos___Zeronin___5476796.wav,Passionate
Confident_Jay-Z___Intro___86249.wav,Confident
Earnest_Jeff_Buckley___Hallelujah___3161986.wav,Earnest
Passionate_John_Most___Two___780846.wav,Passionate
Sad_Cold___Tell_Me_Why___1140771.wav,Sad
Happy_James_Blunt___Stay_The_Night___11137740.wav,Happy
Sad_City_and_Colour___Day_Old_Hate___11739424.wav,Sad
Happy_Rachael_Yamagata___1963___7425612.wav,Happy
Playful_Jorn___Sunset_Station___994626.wav,Playful
Playful_Kelley_Stoltz___To_Speak_To_The_Girl___2207067.wav,Playful
Sad_Sophia___I_Left_You___3164372.wav,Sad
Playful_Barenaked_Ladies___Another_Postcard___8407647.wav,Playful
Passionate_John_Most___Thirteen___780857.wav,Passionate
Confident_Queen___We_Will_Rock_You___11612133.wav,Confident
Sad_Bryan_Adams___Sound_The_Bugle___164272.wav,Sad
Happy_Plain_White_T_s___Rhythm_Of_Love___10261596.wav,Happy
Sad_The_Cure___Apart___23796.wav,Sad
Earnest_Bob_Dylan___Not_Dark_Yet___3156468.wav,Earnest
Earnest_Dc(c)___Shores_Of_Elysium_(Dc_Outer_World_Mix)___10566310.wav,Earnest
Sad_Michael_Jackson___Stranger_In_Moscow___11614353.wav,Sad
Playful_Grandaddy___What_Happened...___5807243.wav,Playful
Passionate_Kate_Bush___Violin___218798.wav,Passionate
Playful_Paolo_Nutini___Jenny_Don_t_Be_Hasty_[Live_at_Taratata]___410794.wav,Playful
Happy_I_m_From_Barcelona___Oversleeping___363258.wav,Happy
Sad_Jeff_Buckley___Forget_Her___3290004.wav,Sad
Confident_Steve_Ellington_Band___Kiss___4927552.wav,Confident
Passionate_Kiki___Herb___Love_Will_Tear_Us_Apart___13165368.wav,Passionate
Confident_Ray_Charles___Over_The_Rainbow_(with_Johnny___8503792.wav,Confident
Happy_Passion_Pit___Smile_Upon_Me___3938483.wav,Happy
Happy_Guillemots___Trains_To_Brazil___450906.wav,Happy
Passionate_Kate_Bush___Hounds_of_Love___13805819.wav,Passionate
Passionate_Garbage___#1_Crush___1174943.wav,Passionate
"Sad_Sufjan_Stevens___John_Wayne_Gacy,_Jr.___2948494.wav",Sad
Confident_St_Michael_Avenue___SexFactor_(Feel_Good_This_Summer_Remix)___4981707.wav,Confident
Playful_Victor_Jara___ay_mi_palomita___579140.wav,Playful
Sad_P!nk___I_Don_t_Believe_You___6927140.wav,Sad
Sad_Shakira___Tú___3228164.wav,Sad
Sad_Motion_City_Soundtrack___Hold_Me_Down___6780854.wav,Sad
Earnest_The_Police___Can_t_Stand_Losing_You___1081582.wav,Earnest
Passionate_John_Most___Fifteen___780859.wav,Passionate
Earnest_The_Mountain_Goats___In_Corolla___13096130.wav,Earnest
Happy_Hanson___MMMBop___214255.wav,Happy
Confident_Dave_Matthews_Band___Pantala_Naga_Pampa_(Rapunzel)___5415959.wav,Confident
Playful_Anouk___Good_God_(The_Anonymous_Remix)___1739790.wav,Playful
Confident_Jurassic_5___Back_4_U___406550.wav,Confident
Earnest_The_Beatles___Eleanor_Rigby___7383223.wav,Earnest
Earnest_The_Decemberists___The_Soldiering_Life___6048612.wav,Earnest
"Happy_Hellogoodbye___Baby,_It_s_Fact___3532574.wav",Happy
Sad_Johnny_Cash___Hurt___10457042.wav,Sad
Passionate_Bonnie_Tyler___Total_Eclipse_Of_The_Heart___3290694.wav,Passionate
Happy_The_Rocket_Summer___High_Life_Scenery___2093381.wav,Happy
Passionate_Elvis_Presley___I_Just_Can_t_Help_Believin__(Elvis_Presley)___3108607.wav,Passionate
Passionate_Daniel_Ash___Get_Out_of_Control___462375.wav,Passionate
Playful_the_bird_and_the_bee___The_Races___1362735.wav,Playful
Confident_Missy_Elliott___Lose_Control_(feat._Ciara___Fatman_Scoop)___129583.wav,Confident
Playful_Need_New_Body___Brite_Tha__Day___7012145.wav,Playful
Earnest_Buffalo_Tom___Would_not_be_denied___308136.wav,Earnest
Confident_John_Holt___For_The_Love_Of_You___8399471.wav,Confident
Happy_Michael_Franti___Spearhead___Say_Hey_(I_Love_You)___8104779.wav,Happy
Confident_Ray_Charles___I_ve_Got_News_for_You___8575990.wav,Confident
Happy_The_Magnetic_Fields___The_Luckiest_Guy_On_The_Lower_East_Side___10728966.wav,Happy
Confident_Dave_Matthews_Band___What_Would_You_Say___5416101.wav,Confident
Sad_Savage_Garden___Gunning_Down_Romance___3138990.wav,Sad
Happy_Röyksopp___Happy_Up_Here___3988080.wav,Happy
Happy_Scissor_Sisters___Fire_With_Fire___9519236.wav,Happy
Earnest_Eagle-Eye_Cherry___Save_Tonight___165922.wav,Earnest
Confident_Dave_Matthews_Band___What_You_Are___5416060.wav,Confident
Happy_The_Lovin__Spoonful___Daydream___4877586.wav,Happy
Passionate_British_Sea_Power___Down_On_The_Ground___1969408.wav,Passionate
Sad_Counting_Crows___Raining_In_Baltimore___1506940.wav,Sad
Passionate_U2___Moment_Of_Surrender___4309547.wav,Passionate
Sad_Beck___Lost_Cause___164296.wav,Sad
Earnest_Rachael_Yamagata___I_ll_Find_a_Way___7425611.wav,Earnest
Happy_Bob_Marley___Three_Little_Birds___2202.wav,Happy
Earnest_Dc(c)___Sarahs_Piece_(Dc_Break_To_Snap_Mix)___10566310.wav,Earnest
Sad_Eric_Clapton___Tears_In_Heaven___1515377.wav,Sad
"Confident_Yoko_Ono___Yes,_I_m_A_Witch___603785.wav",Confident
Passionate_Venus___Add_stars_to_the_sky___14343574.wav,Passionate
Passionate_Del_Castillo___Dias_de_los_Angeles___10900296.wav,Passionate
Playful_Future_of_the_Left___I_Am_Civil_Service___4935205.wav,Playful
Happy_The_Holloways___Generator___11473722.wav,Happy
Sad_Mayday_Parade___One_Man_Drinking_Games___2315615.wav,Sad
Earnest_Simon___Garfunkel___Bleecker_Street___3576465.wav,Earnest
Happy_MIKA___Lollipop___602906.wav,Happy
Passionate_Sydonia___Dream_Kiss___4992338.wav,Passionate
Earnest_Everclear___The_Drama_King___5439534.wav,Earnest
Confident_The_Undertones___Here_Comes_The_Summer___13119131.wav,Confident
Happy_The_Shins___Fighting_in_a_Sack___11270789.wav,Happy
Confident_N.W.A___Straight_Outta_Compton___283066.wav,Confident
Happy_The_Boy_Least_Likely_To___Rock_Upon_A_Porch_With_You___196546.wav,Happy
Sad_Moneybrother___It_Might_As_Well_Be_Now___4263053.wav,Sad
Confident_Ice_Cube___We_Be_Clubbin__feat._DMX___281798.wav,Confident
Sad_Secondhand_Serenade___Goodbye___4978769.wav,Sad
Passionate_Pearl_Jam___crazy_mary_(acoustic)___13167251.wav,Passionate
Confident_Ray_Charles___Hit_The_Road_Jack___9146398.wav,Confident
Playful_Free_Kitten___Eat_Cake___1097152.wav,Playful
Confident_Ray_Charles___Bye_Bye_Love___5081929.wav,Confident
Sad_From_Autumn_To_Ashes___Autumns_Monologue___9926667.wav,Sad
Sad_Dixie_Chicks___Travelin__Soldier___4398247.wav,Sad
Playful_I_Start_Counting___Lose_Him___15303506.wav,Playful
Confident_Avril_Lavigne___Hot___3531302.wav,Confident
Confident_The_Pretenders___Brass_In_Pocket___5222897.wav,Confident
Sad_Fleetwood_Mac___Silver_Springs___3560214.wav,Sad
Playful_Shakira___Men_In_This_Town___6841720.wav,Playful
Confident_Shapeshifters___Lola_s_Theme__(Radio_Edit)___5703.wav,Confident
Earnest_Simon___Garfunkel___I_Am_A_Rock___4900802.wav,Earnest
Happy_I_m_From_Barcelona___Treehouse___363261.wav,Happy
Passionate_James_Blunt___Goodbye_My_Lover___2019817.wav,Passionate
Passionate_Lalo_Schifrin___Ouça___2086301.wav,Passionate
Earnest_Stevie_King___Weird_Science_(Episode_7)___4981490.wav,Earnest
Playful_Snoop_Dogg___Conversations_(feat._Stevie_Wonder)___517311.wav,Playful
Earnest_Phoenix___One_Time_Too_Many___756930.wav,Earnest
Earnest_Desert_Sessions___Crawl_Home___3181824.wav,Earnest
Happy_Kate_Nash___Merry_Happy___2248028.wav,Happy
Earnest_Simon___Garfunkel___the_59th_street_bridge_song_(f___4900800.wav,Earnest
Earnest_D12___Blow_My_Buzz___1196738.wav,Earnest
Happy_Mystery_Jets___Two_Doors_Down___2852585.wav,Happy
Passionate_Gwen_McCrae___Lead_Me_On___12828400.wav,Passionate
Sad_Bob_Dylan___Tomorrow_Is_A_Long_Time___3192784.wav,Sad
Sad_Aimee_Mann___Just_Like_Anyone___3022216.wav,Sad
Sad_Joni_Mitchell___Both_Sides_Now___129183.wav,Sad
Happy_The_Boy_Least_Likely_To___Fur_Soft_As_Fur___199087.wav,Happy
Happy_The_Polyphonic_Spree___Section_12_(Hold_Me_Now)___117091.wav,Happy
Sad_Sia___Breathe_Me___770607.wav,Sad
Playful_Widespread_Panic___Walkin____6161031.wav,Playful
Happy_Sugarland___County_Line___644148.wav,Happy
Playful_African_Jazz_Pioneers___Hellfire___588312.wav,Playful
Happy_Edward_Sharpe___The_Magnetic_Zeros___Home___5287855.wav,Happy
Playful_The_Presidents_Of_The_United_States_Of_America___Ladybug___2404414.wav,Playful
Confident_Queen___Don_t_Stop_Me_Now___11612123.wav,Confident
Sad_Tom_Waits___Tom_Traubert_s_Blues___3329117.wav,Sad
Sad_Jewel___Adrian___7555304.wav,Sad
Sad_Cat_Power___Good_Woman___1193169.wav,Sad
Happy_I_m_From_Barcelona___The_Painter___1753437.wav,Happy
Confident_Ray_Charles___You_Don_t_Know_Me___4719658.wav,Confident
Sad_Something_Corporate___Walking_By___8858926.wav,Sad
Playful_Fleetwood_Mac___Family_Man___6003186.wav,Playful
Playful_Old___In_the_Way___Goin__To_The_Races___10070014.wav,Playful
Earnest_Dc(c)___Phobos_And_Deimos_(Dc_Elements_Wrath_Mix)___10566310.wav,Earnest
Passionate_S_Club___Never_Had_A_Dream_Come_True___162429.wav,Passionate
Happy_Paolo_Nutini___Pencil_Full_of_Lead___5164246.wav,Happy
Confident_JAY-Z___Young_Forever_(feat._Mr._Hudson)___6434632.wav,Confident
Passionate_John_Most___During_The_Break___12288475.wav,Passionate
Confident_U2___City_Of_Blinding_Lights___3867526.wav,Confident
Confident_LL_Cool_J___I_m_Bad___86392.wav,Confident
Playful_DAT_Politics___Gravity___10761503.wav,Playful
Earnest_Stevie_Wonder___Overjoyed___282890.wav,Earnest
Passionate_Joe_Cocker___Cry_Me_A_River___1179486.wav,Passionate
Playful_Kelley_Stoltz___Tintinnabulation___2207062.wav,Playful
Confident_Slick_Rick___The_Ruler_s_Back___510674.wav,Confident
Earnest_Matt_Nathanson___Angel___497388.wav,Earnest
Playful_Ryan_Adams___(Argument_With_David_Rawlings_Concerning_Morrissey)___3921.wav,Playful
Earnest_Grafh___Damage_Is_Done___5855081.wav,Earnest
Passionate_John_Most___Twelve___780856.wav,Passionate
Earnest_Asia___Love_Under_Fire___7703614.wav,Earnest
"Playful_Amy_Winehouse___amy,_amy,_amy___688.wav",Playful
Confident_Fatboy_Slim___Drop_the_Hate___8833414.wav,Confident
Earnest_Steve_Ellington_Band___Turn_up_da_bass___5057206.wav,Earnest
Happy_Ben_Folds___Zak_And_Sara___3140218.wav,Happy
Sad_Death_Cab_for_Cutie___What_Sarah_Said___177646.wav,Sad
Passionate_Melissa_Etheridge___The_Different___530452.wav,Passionate
Passionate_Adele___Set_Fire_To_The_Rain___11811828.wav,Passionate
Earnest_Belle_and_Sebastian___Take_Your_Carriage_Clock_and_Shove_It___6314133.wav,Earnest
Earnest_Foreigner___Urgent___3246227.wav,Earnest
Playful_Mouse_on_Mars___Diskdusk___635739.wav,Playful
Sad_Train___Hopeless___3232911.wav,Sad
Earnest_Alicia_Keys___Lovin__U___14136380.wav,Earnest
Sad_Counting_Crows___Black_And_Blue___982673.wav,Sad
Playful_Mister_G___FFMusicDJ___Eternal_Wind___7100446.wav,Playful
Earnest_Simon___Garfunkel___Blues_Run_The_Game_(Bonus_Track)___4453213.wav,Earnest
Confident_Joss_Stone___You_Had_Me___217013.wav,Confident
Playful_The_B-52_s___Ultraviolet___2319739.wav,Playful
Happy_Room_Eleven___Somedays___481998.wav,Happy
Passionate_Backstreet_Boys___In_Pieces__(Bonus_Track)___3123882.wav,Passionate
Passionate_Tiziano_Ferro___Scivoli_Di_Nuovo___4378218.wav,Passionate
Sad_Chad_VanGaalen___City_of_Electric_Light___3552892.wav,Sad
Sad_Anathema___Sentient___13533439.wav,Sad
Passionate_Tina_Turner___All_Kinds_Of_People___257258.wav,Passionate
Sad_Elton_John___Sorry_Seems_To_Be_The_Hardest_Word___718683.wav,Sad
Passionate_Tori_Amos___Blood_Roses___3414897.wav,Passionate
Confident_Siouxsie_And_The_Banshees___Christine___272036.wav,Confident
Earnest_Steve_Ellington_Band___The_Great_S.McQueen___5078541.wav,Earnest
Confident_Dave_Matthews_Band___Stand_Up___5797938.wav,Confident
Earnest_Dave_Matthews_Band___Intro___5413839.wav,Earnest
Happy_Josh_Rouse___Slaveship___409899.wav,Happy
"Playful_Cibelle___London,_London___343110.wav",Playful
Happy_Dragonette___Get_Lucky___1252057.wav,Happy
Earnest_St_Michael_Avenue___Tales_Of_Cornia_(Stevie_King_Remix)___4981703.wav,Earnest
Passionate_Rufus_Wainwright___Waiting_For_A_Dream___217539.wav,Passionate
Earnest_Death_Cab_for_Cutie___Debate_Exposes_Doubt___14139737.wav,Earnest
Sad_The_Streets___Dry_Your_Eyes___133922.wav,Sad
Confident_Christina_Aguilera___Fighter___3382034.wav,Confident
Earnest_Eminem___Who_Knew___147971.wav,Earnest
Happy_Sigur_Rós___Gobbledigook___2951696.wav,Happy
Happy_The_Apples_in_Stereo___Energy___5977495.wav,Happy
Happy_Phoenix___Rome___4781968.wav,Happy
Sad_Stereophonics___Since_I_Told_You_It_s_Over___4628683.wav,Sad
Confident_Scooter___Nessaja___2644158.wav,Confident
Passionate_Avail___Nameless___7610784.wav,Passionate
Passionate_Manic_Street_Preachers___All_Is_Vanity___4936024.wav,Passionate
Happy_Bobby_McFerrin___Don_t_Worry_Be_Happy___906788.wav,Happy
Passionate_Rollins_Band___Wreck-Age___5222354.wav,Passionate
Happy_Islands___Rough_Gem___2432689.wav,Happy
Happy_The_Real_Tuesday_Weld___Bathtime_In_Clerkenwell___2205939.wav,Happy
Sad_Pete_and_the_Pirates___She_Doesn_t_Belong_to_Me___7051234.wav,Sad
Earnest_Stephen_Kellogg___The_Sixers___Flower_in_the_Rain___1160091.wav,Earnest
Happy_Emilíana_Torrini___Jungle_Drum___4378738.wav,Happy
Sad_Tom_McRae___My_Vampire_Heart___3428106.wav,Sad
Happy_OneRepublic___Good_Life___7629953.wav,Happy
Passionate_Stellamara___Zablejalo_Mi_Agance___9377687.wav,Passionate
Happy_Matt_Wertz___Everything_s_Right___11222366.wav,Happy
Confident_Gov_t_Mule___Sin_s_a_Good_Man_s_Brother___2625363.wav,Confident
Confident_St_Michael_Avenue___Tales_Of_Cornia_(Stevie_King_Remix)___4981703.wav,Confident
Sad_VAST___One_More_Day___5755457.wav,Sad
Confident_Kanye_West___Good_Morning_(Intro)___4510639.wav,Confident
Earnest_Bob_Marley___The_Wailers___400_Years___1456706.wav,Earnest
"Sad_Slipknot___Vermilion,_Pt._2___1397991.wav",Sad
Happy_Feist___1234___6003036.wav,Happy
Earnest_Dave_Matthews_Band___Pantala_Naga_Pampa_(Rapunzel)___5415959.wav,Earnest
Earnest_The_Decemberists___The_Engine_Driver___2937274.wav,Earnest
Passionate_Bon_Iver___Blood_Bank_(Live)___4014552.wav,Passionate
Playful_The_Magnetic_Fields___I_Looked_All_Over_Town___2271827.wav,Playful
Passionate_Melissa_Etheridge___Skin_Deep___249229.wav,Passionate
Confident_Blondie___The_Tide_Is_High___6864818.wav,Confident
Confident_Andrew_Bird___Oh_So_Insistent___2346826.wav,Confident
Earnest_The_Postal_Service___Nothing_Better___1144814.wav,Earnest
Happy_Jessy_Matador___Allez_Ola_Olé___14330624.wav,Happy
Happy_Grandaddy___A.M._180___5105004.wav,Happy
Happy_of_Montreal___My_British_Tour_Diary___439180.wav,Happy
Sad_Nine_Inch_Nails___Something_I_Can_Never_Have___164124.wav,Sad
Sad_Damien_Rice___Cold_Water___79598.wav,Sad
Earnest_Simon___Garfunkel___Richard_Cory___4453208.wav,Earnest
Confident_Ray_Charles___Sticks_And_Stones___4719459.wav,Confident
Playful_The_Hoosiers___A_Sadness_Runs_Through_Him___3123414.wav,Playful
Playful_I_Am_Robot_and_Proud___something_to_write_home_about___6124092.wav,Playful
Playful_Lambchop___D._Scott_Parsley___11411964.wav,Playful
Sad_Azure_Ray___Look_to_Me___1126812.wav,Sad
Happy_Queen___Don_t_Stop_Me_Now___11612123.wav,Happy
Sad_Keith_Urban___Tonight_I_Wanna_Cry___1832857.wav,Sad
Happy_Passion_Pit___Sleepyhead___3938491.wav,Happy
Passionate_IAMX___An_I_For_An_I___9298204.wav,Passionate
Earnest_Amy_Macdonald___Poison_Prince___1137962.wav,Earnest
Passionate_Nirvana___Lake_Of_Fire_(Unplugged_Version)___148346.wav,Passionate
Playful_Ultra_Bra___Savanni_nukahtaa___7120563.wav,Playful
Happy_Annie_Lennox___Shining_Light___4232538.wav,Happy
Happy_The_Polyphonic_Spree___Light___Day___97099.wav,Happy
Passionate_Philip_Glass___CAUGHT!___601183.wav,Passionate
Sad_R.E.M.___Everybody_Hurts___2316522.wav,Sad
Sad_My_Chemical_Romance___Cancer___8234123.wav,Sad
Happy_The_Go!_Team___The_Wrath_Of_Marcie___1217517.wav,Happy
Happy_Jason_Mraz___Make_It_Mine___2876289.wav,Happy
Happy_Lenka___The_Show___5239247.wav,Happy
Playful_Kevin_Johansen___Amistad_de_borrachera___5645540.wav,Playful
Sad_Savage_Garden___Two_Beds_And_A_Coffee_Machine___4942572.wav,Sad
Earnest_Bob_Dylan___As_I_Went_Out_One_Morning___4297832.wav,Earnest
Confident_Deep_Purple___Black_Night___11020968.wav,Confident
Happy_Copy_Haho___Pulling_Push_Ups___4301839.wav,Happy
Confident_UNKLE___In_A_State___14484332.wav,Confident
Sad_The_Dresden_Dolls___Delilah___1432757.wav,Sad
Sad_The_Strokes___I_ll_Try_Anything_Once_(You_Only_Live_Once_Demo)___2948924.wav,Sad
Confident_Arctic_Monkeys___A_Certain_Romance___5024332.wav,Confident
Earnest_Keane___Somewhere_Only_We_Know___6944484.wav,Earnest
Confident_Audioslave___Be_Yourself___720944.wav,Confident
Confident_REO_Speedwagon___Don_t_Let_Him_Go___3222135.wav,Confident
Happy_Someone_Still_Loves_You_Boris_Yeltsin___Oregon_Girl___487907.wav,Happy
Passionate_Dave_Gahan___Saw_Something___2073834.wav,Passionate
Earnest_The_Decemberists___The_Tain___14596838.wav,Earnest
Passionate_Sinew___charging_loki___5391865.wav,Passionate
Earnest_Stephen_Kellogg___The_Sixers___Hearts_In_Pain___1160096.wav,Earnest
Happy_MIKA___Billy_Brown___602912.wav,Happy
Happy_Ben_Harper___The_Innocent_Criminals___Steal_My_Kisses___320010.wav,Happy
Sad_Jeff_Buckley___Hallelujah___3161986.wav,Sad
Confident_Ray_Charles___One_Mint_Julep___4719707.wav,Confident
Happy_Gonzales___Working_Together___2329456.wav,Happy
"Sad_Ben_Folds___Fred_Jones,_Part_2___3227456.wav",Sad
Confident_50_Cent___In_Da_Club___4762671.wav,Confident
Happy_Animal_Collective___The_Purple_Bottle___3671678.wav,Happy
Passionate_Elisa___Dancing___1964594.wav,Passionate
Passionate_Drive_Like_Jehu___Human_Interest___6583110.wav,Passionate
Sad_Thursday___This_Song_Brought_To_You_By_A_Falling_Bomb___560024.wav,Sad
Earnest_Rachael_Yamagata___Worn_Me_Down___7425609.wav,Earnest
Confident_The_Fray___All_At_Once___4317075.wav,Confident
Happy_Yael_Naïm___New_Soul___1282338.wav,Happy
Passionate_PJ_Harvey___The_Life_and_Death_of_Mr_Badmouth___4207.wav,Passionate
Passionate_Carlinhos_Brown___Baby_Groove___3335090.wav,Passionate
Happy_Regina_Spektor___Folding_Chair___5405814.wav,Happy
Sad_Brand_New___Jesus_Christ___517390.wav,Sad
Sad_Antimatter___The_Weight_of_the_World___6052868.wav,Sad
Happy_I_m_From_Barcelona___Collection_Of_Stamps___363259.wav,Happy
Confident_Rush___Tom_Sawyer___13272951.wav,Confident
Earnest_Trini_Lopez___Fly_Me_To_The_Moon_(Album_Version)___1142630.wav,Earnest
Confident_Ray_Charles___Hey_Girl_(with_Michael_McDonal___432560.wav,Confident
Sad_Imogen_Heap___Half_Life___6083462.wav,Sad
Sad_Nine_Inch_Nails___Hurt___158082.wav,Sad
Happy_Alphabeat___Fascination___2830050.wav,Happy
Sad_Gary_Jules___Mad_World___11132440.wav,Sad
Playful_DoF___Last_Night_Static___13410910.wav,Playful
Passionate_Simple_Minds___Speed_Your_Love_To_Me___513892.wav,Passionate
Sad_Bob_Dylan___World_Gone_Wrong___3156413.wav,Sad
Playful_Man_Man___Hot_Bat___6111358.wav,Playful
Confident_The_Beatnuts___Se_Acabo_(Remix)___11624881.wav,Confident
Sad_A_Fine_Frenzy___Near_To_You___1161267.wav,Sad
Happy_Owl_City___Hello_Seattle_(Remix)___4346154.wav,Happy
Earnest_Stephen_Kellogg___The_Sixers___In_Front_Of_The_World___1160093.wav,Earnest
Earnest_Stéphane_Pompougnac___morenito_feat._clementine_(bossa_mix)___8851574.wav,Earnest
Earnest_Bee_Gees___I_Started_a_Joke___3722858.wav,Earnest
Earnest_The_Decemberists___Song_for_Myla_Goldberg___6048610.wav,Earnest
Happy_The_Go!_Team___Bottle_Rocket___734566.wav,Happy
Earnest_James_Taylor___Shower_The_People___3151871.wav,Earnest
Passionate_Kate_Bush___Running_Up_That_Hill_(A_Deal_With_God)___13805816.wav,Passionate
Playful_Charles_Spearin___Ondine___4342633.wav,Playful
Playful_Kettel___Verkens_in_Londen___10943288.wav,Playful
Sad_The_Drums___It_Will_All_End_In_Tears___9367966.wav,Sad
Earnest_Phil_Collins___You_Know_What_I_Mean___435051.wav,Earnest
Earnest_The_Cars___It_s_All_I_Can_Do___430003.wav,Earnest
Confident_Ray_Charles___Worried_Mind___5081993.wav,Confident
Playful_Libera___Salva_Me___3873753.wav,Playful
Earnest_The_Cure___Just_Like_Heaven___1355215.wav,Earnest
Earnest_Johnny_Cash___Rock_Island_Line___13358635.wav,Earnest
Sad_Sufjan_Stevens___Casimir_Pulaski_Day___2948500.wav,Sad
Earnest_David_Gray___Babylon___126333.wav,Earnest
Happy_Karen_O_And_The_Kids___Heads_Up___6542914.wav,Happy
Sad_The_Cure___The_Last_Day_Of_Summer___149146.wav,Sad
Earnest_Simon___Garfunkel___Punky_s_Dilemma___3248168.wav,Earnest
Sad_Christina_Perri___Jar_of_Hearts___10306967.wav,Sad
Happy_Genki_Rockets___Heavenly_Star___6123563.wav,Happy
Happy_Darwin_Deez___Radar_Detector___8657868.wav,Happy
Happy_The_Rocket_Summer___I_Was_So_Alone___2658383.wav,Happy
Sad_Elvis_Costello___I_Want_You___1102295.wav,Sad
Passionate_Kristin_Hersh___The_Letter___2069220.wav,Passionate
Sad_Cat_Power___Troubled_Waters___1193152.wav,Sad
Earnest_Stevie_Wonder___Knocks_Me_Off_My_Feet___143806.wav,Earnest
Playful_Kelis___Got_Your_Money___2223540.wav,Playful
Sad_Taylor_Swift___Breathe___6987558.wav,Sad
Sad_Kanye_West___Coldest_Winter___4658362.wav,Sad
Earnest_Dave_Matthews_Band___Out_Of_My_Hands___5797945.wav,Earnest
Earnest_Jimmy_Cliff___Music_Maker___179123.wav,Earnest
Earnest_China_Crisis___Here_Comes_A_Raincloud___239844.wav,Earnest
Confident_The_Animals___Inside_Looking_Out___13498.wav,Confident
Playful_Osborne___Outta_Sight___2700704.wav,Playful
Confident_Kate_Bush___Them_Heavy_People___10513.wav,Confident
Playful_Fresh_Millions___Forever___11352379.wav,Playful
Earnest_Jello_Biafra_with_the_Melvins___Enchanted_Thoughtfist___2995801.wav,Earnest
Passionate_Axelle_Red___Dejame_Ser_Mujer___13119229.wav,Passionate
Earnest_Sting___Shape_Of_My_Heart___158188.wav,Earnest
Happy_Noah_And_The_Whale___Love_Of_An_Orchestra___6089654.wav,Happy
Earnest_Radiohead___No_Surprises___4501679.wav,Earnest
Confident_Gloria_Gaynor___I_Will_Survive___3706987.wav,Confident
Happy_Matt___Kim___Lessons_Learned___13164752.wav,Happy
Passionate_Scott_Walker___My_Death___326697.wav,Passionate
Earnest_Melissa_Etheridge___I_m_The_Only_One___4115141.wav,Earnest
Passionate_Tori_Amos___Tombigbee___3414949.wav,Passionate
Sad_Archive___Again___13398390.wav,Sad
Passionate_John_Most___Eleven___780855.wav,Passionate
Earnest_Zita_Swoon___Thinking_About_You_All_the_Time___7628961.wav,Earnest
Confident_The_Knack___My_Sharona___2662423.wav,Confident
Confident_Big_L___8_Iz_Enuff___3138442.wav,Confident
Happy_James_Blunt___I_ll_Be_Your_Man___14334526.wav,Happy
Earnest_Simon___Garfunkel___Homeward_Bound___4900804.wav,Earnest
Confident_The_Undertones___Teenage_Kicks___3283514.wav,Confident
Playful_Atlas_Sound___Quarantined___2432599.wav,Playful
Happy_Gil_Scott-Heron___Storm_Music___7728299.wav,Happy
Earnest_Coldplay___A_Message___118134.wav,Earnest
Playful_Dance_Hall_Crashers___Pick_Up_Lines___2495855.wav,Playful
Happy_Jim_Noir___My_Patch___343387.wav,Happy
Sad_The_Verve___The_Drugs_Don_t_Work___8387.wav,Sad
Playful_Britney_Spears___Toxic___3379842.wav,Playful
Confident_Dave_Matthews_Band___Intro___5413839.wav,Confident
Happy_Braids___Little_Hand___12236879.wav,Happy
Happy_Peter_Bjorn_And_John___Young_Folks___4935790.wav,Happy
Passionate_John_Most___To_Stand_Still___12288468.wav,Passionate
Earnest_Bettie_Serveert___Fallen_Foster___462466.wav,Earnest
Passionate_led_er_est___Port_Isabel___9667225.wav,Passionate
Sad_Wilco___The_Lonely_1___4191822.wav,Sad
Earnest_Billy_Bragg___A_New_England___2410112.wav,Earnest
Passionate_Missy_Elliott___Get_Ur_Freak_On_(Amended_LP_Version)___207361.wav,Passionate
Earnest_Elkie_Brooks___Lilac_Wine___307580.wav,Earnest
Happy_Long_Beach_Dub_All_Stars___Sunny_Hours___496482.wav,Happy
Sad_AaRON___Last_Night_Thoughts___2976789.wav,Sad
Playful_Hoahio___Happy_Mail___10103624.wav,Playful
Happy_Shakira___Día_De_Enero___5291893.wav,Happy
Sad_Justin_Nozuka___Save_Him___11802600.wav,Sad
Passionate_Norma_Jean___High_Noise_Low_Output___10053888.wav,Passionate
Confident_Dave_Matthews_Band___I_Did_It___5417280.wav,Confident
Happy_The_Decemberists___Billy_Liar___6047283.wav,Happy
Passionate_Parts___Labor___Rest___12937825.wav,Passionate
Earnest_Guster___I_Spy_(Live_From_Portland)___3549348.wav,Earnest
Confident_G-Unit___Poppin__Them_Thangs___2472906.wav,Confident
Happy_Mando_Diao___Your_Lover_s_Nerve___6787043.wav,Happy
Confident_The_Bangles___Tear_Off_Your_Own_Head___6069.wav,Confident
Playful_Love_Arcade___Sweething___716187.wav,Playful
Sad_Bob_Dylan___Not_Dark_Yet___3156468.wav,Sad
Sad_Michelle_Branch___Goodbye_to_You___6607860.wav,Sad
Happy_I_m_From_Barcelona___We_re_From_Barcelona___363260.wav,Happy
Passionate_Delta_Spirit___People_Turn_Around___5445746.wav,Passionate
Earnest_Pixies___River_Euphrates___1182037.wav,Earnest
Passionate_Skin___Getting_Away_With_It___296230.wav,Passionate
Confident_The_Babys___A_Piece_Of_The_Action___6080899.wav,Confident
Happy_The_Go!_Team___Huddle_Formation___734576.wav,Happy
Playful_Rapsoul___Laura___4893597.wav,Playful
Playful_Acoustic_Alchemy___The_Five_Card_Trick___555839.wav,Playful
Happy_Katrina___The_Waves___Walking_On_Sunshine___6865379.wav,Happy
Happy_The_Rocket_Summer___Cross_My_Heart___2927658.wav,Happy
Playful_Kid_Dynamite___Living_Daylights___7593227.wav,Playful
Happy_Katrina_and_the_Waves___Walking_On_Sunshine___9612390.wav,Happy
Confident_Jurassic_5___Lausd___163514.wav,Confident
Sad_Manchester_Orchestra___I_Can_Barely_Breathe___3110322.wav,Sad
Earnest_Papas_Fritas___Love_Just_Don_t_Quit___11678178.wav,Earnest
Happy_Bill_Withers___Lovely_Day___6657609.wav,Happy
Confident_Queen___I_Want_It_All___14180091.wav,Confident
Earnest_Kathleen_Edwards___Back_To_Me___4369700.wav,Earnest
Playful_Pascal_Comelade___Paganini_Paga_Tot_A_Nono___4675298.wav,Playful
Earnest_Milton_Cardona___Yemaya___4830390.wav,Earnest
Sad_City_and_Colour___Hope_For_Now___13934993.wav,Sad
Sad_Cold___A_Different_Kind_of_Pain___1140764.wav,Sad
Confident_Ray_Charles___Drown_in_My_Own_Tears___11804990.wav,Confident
Sad_The_Smiths___Last_Night_I_Dreamt_That_Somebody_Loved_Me___2282386.wav,Sad
Playful_Animal_Collective___Bat_You_ll_Fly___3516818.wav,Playful
Happy_Cartel___Lose_It___3111008.wav,Happy
Passionate_John_Most___The_Peeled_Sky___12288469.wav,Passionate
Sad_MUTEMATH___Goodbye___9306673.wav,Sad
Confident_Grand_Funk_Railroad___Some_Kind_of_Wonderful___377219.wav,Confident
Sad_The_Used___Blue_and_Yellow___6348752.wav,Sad
Passionate_Nightwish___Swanheart___2327375.wav,Passionate
Sad_Carissa_s_Wierd___So_You_Wanna_Be_a_Superhero___9905505.wav,Sad
Earnest_Copeland___Coffee___2927683.wav,Earnest
Confident_Frank_Sinatra___It_Was_A_Very_Good_Year___2572894.wav,Confident
Happy_The_White_Stripes___We_re_Going_to_Be_Friends___308588.wav,Happy
Passionate_Deftones___Cherry_Waves___684317.wav,Passionate
Earnest_Stephen_Kellogg___The_Sixers___Pedal_Steel___1160091.wav,Earnest
Confident_Jamiroquai___Radio___3109376.wav,Confident
Confident_Dave_Matthews_Band___Jimi_Thing___5415974.wav,Confident
Passionate_British_Sea_Power___The_Great_Skua___1969414.wav,Passionate
Playful_Yelle___Tu_Es_Beau___1270504.wav,Playful
Playful_The_Apples_in_Stereo___Man_You_Gotta_Get_Up___6029965.wav,Playful
Happy_The_Go!_Team___Doing_It_Right___1217511.wav,Happy
Confident_Spandau_Ballet___Gold___273668.wav,Confident
Confident_Shaggy___Why_You_Treat_Me_So_Bad___298768.wav,Confident
Sad_A_Fine_Frenzy___Almost_Lover___1161261.wav,Sad
Happy_Joe_Dassin___Les_Champs-Elysees___3226479.wav,Happy
Happy_Michael_Bublé___Haven_t_Met_You_Yet___6463613.wav,Happy
Earnest_Kimya_Dawson___Anthrax___2904416.wav,Earnest
Earnest_Rilo_Kiley___Portions_For_Foxes___80654.wav,Earnest
Playful_The_Temperance_Seven___Sugar___297357.wav,Playful
Sad_Elliott_Smith___Between_The_Bars___5372680.wav,Sad
Confident_Angelspit___Maggot___10437712.wav,Confident
Happy_of_Montreal___A_Sentence_of_Sorts_in_Kongsvinger___571487.wav,Happy
Passionate_Idlewild___Meet_Me_At_The_Harbour___11140506.wav,Passionate
Earnest_St_Michael_Avenue___SexFactor_(Feel_Good_This_Summer_Remix)___4981707.wav,Earnest
Sad_Seether_(Feat._Amy_Lee)___Broken___6858715.wav,Sad
Earnest_The_Moody_Blues___Nights_In_White_Satin___228876.wav,Earnest
Passionate_David_Crowder_Band___Obsession___1101872.wav,Passionate
Happy_Regina_Spektor___The_Calculation___5405713.wav,Happy
Happy_Billie_the_Vision___The_Dancers___Summercat___5890714.wav,Happy
Confident_Ray_Charles___Georgia_On_My_Mind_(Live)___9146397.wav,Confident
Playful_Big_Audio_Dynamite___Rush___4959104.wav,Playful
Confident_Tori_Amos___General_Joy___3288936.wav,Confident
Passionate_Flogging_Molly___You_Won_t_Make_a_Fool_out_of_Me___2348402.wav,Passionate
Happy_Los_Campesinos!___Death_To_Los_Campesinos!___2203469.wav,Happy
Confident_Ray_Charles___Let_The_Good_Times_Roll_(Live)___1379248.wav,Confident
Earnest_Moneybrother___My_Lil__Girl_s_Straight_From_Heaven___1086483.wav,Earnest
Confident_Ray_Charles___Hallelujah_I_Love_Her_So_(Live___1436905.wav,Confident
Confident_JAY-Z___The_Prelude_(Produced_By_B-Money)___532033.wav,Confident
Sad_The_Gathering___You_Promised_Me_a_Symphony___6038250.wav,Sad
Sad_Tori_Amos___Maybe_California___4946346.wav,Sad
Playful_Lineland___At_Times_Divide___1910305.wav,Playful
Sad_Paul_McCartney___Here_Today___9590810.wav,Sad
Confident_Beenie_Man___Undisputed___452679.wav,Confident
Passionate_HIM___It_s_All_Tears___3527497.wav,Passionate
Passionate_British_Sea_Power___Canvey_Island___1969405.wav,Passionate
Playful_R._Kelly___TP-2___6160829.wav,Playful
Playful_Ifang_Bondi___Balafon___6151943.wav,Playful
Passionate_Malcolm_X___The_Ballot_Or_The_Bullet___12421330.wav,Passionate
Earnest_Arcade_Fire___Windowsill___644166.wav,Earnest
Sad_Stars___Personal___5335075.wav,Sad
Sad_Miley_Cyrus___Bottom_Of_The_Ocean___3788139.wav,Sad
Happy_Hellogoodbye___touchdown_turnaround___3532580.wav,Happy
"Playful_Negu_Gorriak___Salam,_Agur___15628104.wav",Playful
Earnest_The_Mountain_Goats___Love_Cuts_the_Strings___3000458.wav,Earnest
Passionate_John_Most___Actual_Places___12288470.wav,Passionate
Confident_The_Delgados___Blackpool___329404.wav,Confident
Playful_Kelis___In_Public_feat_Nas___3059.wav,Playful
Playful_Art_Brut___Moving_To_La___1069241.wav,Playful
Passionate_Michael_Jackson___Give_In_To_Me___3243828.wav,Passionate
Passionate_Spaccanapoli___Vesuvio___321056.wav,Passionate
Passionate_Eftos___Carpe_Nihil___2953940.wav,Passionate
Confident_The_Smashing_Pumpkins___Crestfallen___104266.wav,Confident
Happy_The_Flaming_Lips___Yeah_Yeah_Yeah_Song___430239.wav,Happy
Earnest_We_Are_Scientists___What_s_The_Word___208346.wav,Earnest
Passionate_Fiction_8___Set_You_Free___5302440.wav,Passionate
Confident_Paul_van_Dyk___We_Are_Alive___1257938.wav,Confident
Happy_Noah_And_The_Whale___5_Years_Time___3103326.wav,Happy
Earnest_The_Cranberries___Zombie___2347462.wav,Earnest
Happy_Jamie_Lidell___Another_Day___5929147.wav,Happy
Playful_New_Young_Pony_Club___Dolls___8237466.wav,Playful
Earnest_Coldplay___Lost!___3727897.wav,Earnest
Happy_Fountains_Of_Wayne___Hey_Julie___9391.wav,Happy
Playful_The_Answering_Machine___Cliffer___8457608.wav,Playful
Sad_Alicia_Keys___Try_Sleeping_With_A_Broken_Heart___7352861.wav,Sad
Passionate_Mercan_Dede___Captive___10736733.wav,Passionate
Sad_R.E.M.___Überlin___12573342.wav,Sad
Playful_Tera_Melos___Trident_Tail___10440279.wav,Playful
Playful_Royal_Hunt___Land_of_Broken_Hearts___11140149.wav,Playful
"Happy_Alphabeat___10,000_Nights___2830051.wav",Happy
Sad_Mayday_Parade___The_Last_Something_That_Meant_Anything___2315627.wav,Sad
Happy_Brigitte_Bardot___Moi_Je_Joue___309080.wav,Happy
Playful_David_Bowie___Absolute_Beginners_(Single_Version)_(2002_Digital_Remaster)___1139282.wav,Playful
Sad_The_Airborne_Toxic_Event___Sometime_Around_Midnight___4502763.wav,Sad
Earnest_Dire_Straits___Brothers_In_Arms_(live)___157796.wav,Earnest
Sad_Weezer___Butterfly___170656.wav,Sad
Sad_The_Good_Life___Night_and_Day___1126885.wav,Sad
Earnest_The_Crystals___Then_He_Kissed_Me___9107640.wav,Earnest
Sad_Plumb___Damaged___6075500.wav,Sad
Playful_Regina_Spektor___Pound_of_Flesh___588675.wav,Playful
Playful_Rocket_From_The_Crypt___Eye_On_You___3547013.wav,Playful
Sad_David_Bowie___The_Loneliest_Guy___7782196.wav,Sad
Playful_Paul_McCartney___Dance_Tonight___1166948.wav,Playful
Happy_Those_Dancing_Days___Home_Sweet_Home___3642663.wav,Happy
Sad_DeVotchka___How_It_Ends___2317521(1).wav,Sad
Happy_Amos_Lee___Bottom_Of_the_Barrel___297325.wav,Happy
Playful_Amon_Tobin___Kitty_Cat___13596917.wav,Playful
Happy_Third_Eye_Blind___Semi-Charmed_Life___2227209.wav,Happy
Confident_Marjorie_Fair___Stare___1648729.wav,Confident
Confident_Dave_Matthews_Band___Hunger_For_The_Great_Light___5797966.wav,Confident
Confident_The_Animals___We_Gotta_Get_Out_Of_This_Place___7214187.wav,Confident
Happy_Gary_Go___Wonderful___4187990.wav,Happy
Confident_El-P___Up_All_Night___979784.wav,Confident
Earnest_Cibelle___Flying_High___1218250.wav,Earnest
Confident_Anouk___It_s_So_Hard___6304962.wav,Confident
Sad_Christina_Aguilera___Hurt___3526321.wav,Sad
Happy_Gomez___Catch_Me_Up___6577.wav,Happy
Passionate_Al_Green___Put_A_Little_Love_In_Your_Heart___2233122.wav,Passionate
Confident_Shirley_Bassey___Feelings___3492816.wav,Confident
Confident_Rogue_Wave___Lake_Michigan___1742752.wav,Confident
Confident_Eels___Prizefighter___5110311.wav,Confident
Happy_The_Streets___Heaven_for_the_Weather___3570529.wav,Happy
Playful_Rupa___The_April_Fishes___La_Linea___6937880.wav,Playful
Passionate_Kate_Bush___Wuthering_Heights___10508.wav,Passionate
Playful_Betty_Wright___Lovin__Is_Really_My_Game___8627564.wav,Playful
Sad_The_Smiths___Asleep___7341523.wav,Sad
Happy_Gold_Panda___Marriage___10864325.wav,Happy
Sad_The_Veronicas___In_Another_Life___5599574.wav,Sad
Confident_Stevie_King___Weird_Science_(Episode_7)___4981490.wav,Confident
Confident_Bigbang___Girl_in_Oslo___2370564.wav,Confident
Sad_Bright_Eyes___Poison_Oak___1126945.wav,Sad
Sad_Eels___I_m_Going_To_Stop_Pretending_That_I_Didn_t_Break_Your_Heart___109471.wav,Sad
Playful_John_Lennon___Yoko_Ono___Cleanup_Time___10788051.wav,Playful
Playful_Rocket_From_The_Crypt___I_m_Not_Invisible___2196457.wav,Playful
Sad_Lenka___Like_a_Song___5293173.wav,Sad
Sad_The_National___About_Today___9608491.wav,Sad
Playful_Beyoncé___Be_With_You___6008839.wav,Playful
Earnest_Stephen_Kellogg___The_Sixers___Hurt_And_Heart___1160091.wav,Earnest
Passionate_John_Most___Seven___780851.wav,Passionate
Happy_Mogwai___The_Sun_Smells_Too_Loud___3542410.wav,Happy
Playful_Samael___On_The_Rise___1258437.wav,Playful
Passionate_John_Most___Four___780848.wav,Passionate
Sad_Rufus_Wainwright___Hallelujah___4653079.wav,Sad
Sad_Lifehouse___Storm___1183266.wav,Sad
Sad_The_Smiths___I_Know_It_s_Over___647512.wav,Sad
Passionate_Mano_Negra___Rock__N_Roll_Band___10823.wav,Passionate
Earnest_Stephen_Kellogg___The_Sixers___4th_Street_Moon___1160091.wav,Earnest
Playful_Screamin__Jay_Hawkins___Is_You_Is_or_Is_You_Ain_t_My_Baby___801785.wav,Playful
Playful_LFO___Moistly___5891806.wav,Playful
"Sad_Stars___Going,_Going,_Gone___4049711.wav",Sad
Confident_Coldplay___Lost!___2702811.wav,Confident
Confident_Maxwell___Lifetime___10562905.wav,Confident
Confident_Ray_Charles___Heaven_Help_Us_All_(with_Glady___432562.wav,Confident
Playful_Aventura___La_Guerra___2556076.wav,Playful
Happy_Jens_Lekman___Sipping_On_The_Sweet_Nectar___6511221.wav,Happy
Passionate_Eurythmics___You_Hurt_Me___3108024.wav,Passionate
Earnest_Coldplay___Trouble___425046.wav,Earnest
Earnest_Dave_Matthews_Band___What_You_Are___5416060.wav,Earnest
Happy_Portugal._The_Man___Work_All_Day___6448463.wav,Happy
"Happy_Bobby_McFerrin___Don_t_Worry,_Be_Happy___906788.wav",Happy
Sad_Matthew_Ryan___Follow_The_Leader___5198373.wav,Sad
Earnest_Gary_Allan___Right_Where_I_Need_To_Be___824599.wav,Earnest
Sad_Snow_Patrol___You_Could_Be_Happy___343500.wav,Sad
Confident_Dave_Matthews_Band___Dream_Girl___5797953.wav,Confident
Earnest_Kim_Carnes___Miss_You_Tonite___2214149.wav,Earnest
Confident_Betty_Wright___Clean_Up_Woman___1528803.wav,Confident
Sad_Radiohead___Exit_Music_(For_a_Film)___9089.wav,Sad
Confident_Brandi_Carlile___Turpentine___13632644.wav,Confident
Happy_Karen_O_And_The_Kids___All_Is_Love___6542905.wav,Happy
Earnest_Wilco___(Was_I)_In_Your_Dreams___14679293.wav,Earnest
Earnest_Steve_Ellington_Band___Kiss_(Dance_Mix)___4927552.wav,Earnest
Confident_Dave_Matthews_Band___Everyday___9690920.wav,Confident
Confident_Fergie___Here_I_Come___3932376.wav,Confident
Happy_MIKA___Grace_Kelly___602905.wav,Happy
Sad_Angus___Julia_Stone___Hold_On___8378598.wav,Sad
Playful_Gravenhurst___Fog_Round_the_Figurehead___5924022.wav,Playful
"Happy_Train___Hey,_Soul_Sister___6130329.wav",Happy
Sad_Xavier_Naidoo___Abschied_nehmen___551925.wav,Sad
Sad_Porcupine_Tree___Heartattack_in_a_Layby___1281345.wav,Sad
Passionate_Hot_Water_Music___Manual___11321352.wav,Passionate
Earnest_Jane_Siberry___Goodbye___6632728.wav,Earnest
Earnest_Simon___Garfunkel___Bridge_Over_Troubled_Water___12881595.wav,Earnest
Happy_MIKA___Big_Girl_(You_Are_Beautiful)___602913.wav,Happy
Earnest_Blu_Cantrell___Breathe___3365455.wav,Earnest
Earnest_The_Postal_Service___We_Will_Become_Silhouettes___1144819.wav,Earnest
Happy_Manu_Chao___Le_rendez-vous___3022411.wav,Happy
Playful_Stefano_Bollani___Segura_Ele___3895346.wav,Playful
Sad_Angus___Julia_Stone___Walk_It_Off___8378606.wav,Sad
Sad_The_Airborne_Toxic_Event___All_I_Ever_Wanted___13526654.wav,Sad
Sad_A_Fine_Frenzy___Ashes_And_Wine___1161263.wav,Sad
Earnest_Radiohead___Karma_Police___4501647.wav,Earnest
Playful_The_Jesus_And_Mary_Chain___Between_Us___589462.wav,Playful
Confident_White_Lies___Farewell_To_The_Fairground___3997357.wav,Confident
Sad_Bird_York___In_The_Deep___364947.wav,Sad
Confident_Steve_Ellington_Band___The_Return_of_Elsa_Gillis___5078511.wav,Confident
Earnest_Don_McLean___American_Pie___5710148.wav,Earnest
Happy_Feist___I_Feel_It_All___6003053.wav,Happy
Sad_Margot___the_Nuclear_So_and_So_s___Jen_Is_Bringin__The_Drugs___12930175.wav,Sad
Sad_Civil_Twilight___Human___8706975.wav,Sad
Confident_Ray_Charles___I_Cant_Stop_Loving_You_(Live)___9598439.wav,Confident
"Earnest_Steve_Ellington_Band___1,2,3,4___5057214.wav",Earnest
Happy_The_Magnetic_Fields___If_There_s_Such_a_Thing_as_Love___2271832.wav,Happy
Earnest_Sonic_Youth___Incinerate___375344.wav,Earnest
Confident_Lura___Ponciana___13283341.wav,Confident
Earnest_Steve_Ellington_Band___Kiss___4927552.wav,Earnest
Earnest_St_Michael_Avenue___Baby_Come_Back___4981706.wav,Earnest
Passionate_Andrew_Bird_s_Bowl_of_Fire___Satisfied___409739.wav,Passionate
Playful_Kimya_Dawson___Time_To_Think___2856042.wav,Playful
Happy_Yael_Naim___New_Soul___1282338.wav,Happy
Sad_Twin_Shadow___Forget___10950841.wav,Sad
Confident_Ray_Charles___Mary_Ann___2279229.wav,Confident
"Happy_Train___Save_Me,_San_Francisco___6786957.wav",Happy
Earnest_Robert_Plant___Song_To_The_Siren___271531.wav,Earnest
Happy_The_Little_Ones___Lovers_Who_Uncover___604281.wav,Happy
Happy_Someone_Still_Loves_You_Boris_Yeltsin___Glue_Girls___2352385.wav,Happy
Passionate_Voxtrot___Sway___650892.wav,Passionate
Passionate_Pat_Benatar___Fight_It_Out___254764.wav,Passionate
Earnest_Extreme___More_Than_Words___497808.wav,Earnest
Sad_Pixie_Lott___Without_You___11087558.wav,Sad
Earnest_Teenage_Fanclub___Winter___3104477.wav,Earnest
Playful_Kama_Aina___Worms_in__71___2223104.wav,Playful
Confident_Dave_Matthews_Band___Louisiana_Bayou___5797947.wav,Confident
Sad_Nine_Inch_Nails___Hurt_(Quiet)___158082.wav,Sad
Confident_Eric_Clapton___Let_It_Grow___158129.wav,Confident
Earnest_Alanis_Morissette___Thank_U___87583.wav,Earnest
Confident_OK_Go___Get_Over_It___1136713.wav,Confident
Confident_Marvin_Gaye___Kim_Weston___It_Takes_Two___3128968.wav,Confident
Passionate_John_Most___Five___780849.wav,Passionate
Happy_kakkmaddafakka___Restless___12620448.wav,Happy
Happy_Islands___Jogging_Gorgeous_Summer___2432692.wav,Happy
Happy_The_Cure___Mint_Car___1355233.wav,Happy
Passionate_Liz_Story___Things_With_Wings___3313979.wav,Passionate
Sad_Jon_McLaughlin___Indiana___982205.wav,Sad
Happy_Mungo_Jerry___In_the_summertime___11803419.wav,Happy
Happy_Red_Hot_Chili_Peppers___Cabron___336141.wav,Happy
Earnest_Dc(c)___Intensity_(Dc_Dark_Rider_Mix)___10566310.wav,Earnest
Passionate_Stevie_Wonder___All_I_Do_(is_think_about_you)___509593.wav,Passionate
Earnest_Pearl_Jam___Faithful___3269654.wav,Earnest
Earnest_Phil_Collins___I_Wish_It_Would_Rain_Down___435082.wav,Earnest
Sad_You_Me_At_Six___Fireworks___7717602.wav,Sad
Playful_Jane_Siberry___The_White_Tent_the_Raft___6632726.wav,Playful
Sad_Archive___Goodbye___9646442.wav,Sad
Sad_Elliott_Smith___Needle_in_the_Hay___11144045.wav,Sad
Earnest_The_Band___Forever_Young___812181.wav,Earnest
Sad_Duffy___Too_Hurt_to_Dance___11451674.wav,Sad
Happy_Donkeyboy___Sometimes___6617084.wav,Happy
Earnest_Dave_Matthews_Band___The_Space_Between___5416729.wav,Earnest
Passionate_Chris_Walker___Missing_You___302751.wav,Passionate
Earnest_Simon___Garfunkel___April_Come_She_Will___4453210.wav,Earnest
Happy_The_Divine_Comedy___Tonight_We_Fly___403753.wav,Happy
Sad_John_Mayer___Split_Screen_Sadness___3275410.wav,Sad
Earnest_Doo_Wop___One_Tape_Doo_Wop___2896254.wav,Earnest
Earnest_The_Mountain_Goats___You_or_Your_Memory___9594247.wav,Earnest
Happy_Patrick_Wolf___The_Magic_Position___603081.wav,Happy
Passionate_Bob_Dylan___Girl_From_The_North_Country_(With_Johnny_Cash)___3279465.wav,Passionate
Earnest_Natalie_Merchant___Thick_as_Thieves___451898.wav,Earnest
Passionate_Smokey_Robinson___You_ve_Really_Got_A_Hold_On_Me___4004878.wav,Passionate
Earnest_The_La_s___There_She_Goes___2351505.wav,Earnest
Confident_Gossip___Listen_Up!___1097920.wav,Confident
Sad_Manchester_Orchestra___Sleeper_1972___3110323.wav,Sad
Sad_John_Williams___Theme_From_Schindler_s_List___150017.wav,Sad
Confident_9th_Wonder___Buckshot___Man_Listen___10830261.wav,Confident
Passionate_Billy_Bragg___MUST_I_PAINT_YOU_A_PICTURE___2995238.wav,Passionate
Earnest_Teenage_Fanclub___I_Don_t_Want_Control_Of_You___3104473.wav,Earnest
Sad_All_Time_Low___Remembering_Sunday___7375847.wav,Sad
Passionate_Clint_Mansell___Xibalba___519743.wav,Passionate
Confident_Radiohead___Jigsaw_Falling_into_Place___2052658.wav,Confident
Happy_Matt___Kim___Daylight___13164752.wav,Happy
Sad_Bat_For_Lashes___Sad_Eyes___1179273.wav,Sad
Happy_Delays___Hooray___2631748.wav,Happy
Earnest_Elton_John___Tiny_Dancer___717814.wav,Earnest
Playful_Mates_of_State___Along_For_The_Ride___1412535.wav,Playful
"Happy_Lesley_Gore___Sunshine,_Lollipops_And_Rainbows___7276427.wav",Happy
Passionate_Dinah_Washington___I_Didn_t_Know_About_You___252864.wav,Passionate
Confident_The_Stone_Roses___This_Is_The_One___5848872.wav,Confident
Earnest_Handsome_Furs___The_Radio_s_Hot_Sun_(Album)___1074189.wav,Earnest
Earnest_Manfred_Mann_s_Earth_Band___Lies_(Through_the_80_s)___5678438.wav,Earnest
Happy_Gorillaz___19-2000_(Soulchild_Remix)___4943.wav,Happy
Confident_Michael_Jackson___You_Rock_My_World___4784256.wav,Confident
Confident_Queen___Another_One_Bites_The_Dust___11612116.wav,Confident
Happy_Those_Dancing_Days___Run_Run___3021572.wav,Happy
Sad_Joy_Division___The_Eternal___1362896.wav,Sad
Sad_Evanescence___My_Immortal___6521478.wav,Sad
Happy_Weezer___(If_You_re_Wondering_If_I_Want_You_To)_I_Want_You_To___6226278.wav,Happy
Confident_Depeche_Mode___Personal_Jesus___13439681.wav,Confident
Happy_The_Starting_Line___Autography___3812531.wav,Happy
Earnest_Simple_Plan___God_Must_Hate_Me_(MTV_Hard_Rock_Live_Version)___560329.wav,Earnest
Confident_Dean_Martin___You_re_Nobody__Til_Somebody_Loves_You___24713.wav,Confident
Confident_Cheap_Trick___Dream_Police___3109762.wav,Confident
Earnest_Rod_Stewart___Tom_Traubert_s_Blues___3761799.wav,Earnest
Playful_St_Michael_Avenue___SexFactor_(Feel_Good_This_Summer_Remix)___4981707.wav,Playful
Earnest_Dave_Matthews_Band___Everyday_(#36)___9690920.wav,Earnest
"Happy_Harry_Belafonte___Matilda,_Matilda___1274653.wav",Happy
Earnest_Simon___Garfunkel___Old_Friends___3576744.wav,Earnest
Happy_of_Montreal___Requiem_for_O.M.M.2___7959393.wav,Happy
Happy_Noah_And_The_Whale___L.I.F.E.G.O.E.S.O.N.___12496299.wav,Happy
Earnest_Manic_Street_Preachers___The_Everlasting___3254286.wav,Earnest
Passionate_Fiction_8___Let_Go___5302438.wav,Passionate
Earnest_Cinderella___Don_t_Know_What_You_Got_(Till_It_s_Gone)___574831.wav,Earnest
Confident_Elvis_Presley___My_Way___3487698.wav,Confident
"Confident_Steve_Ellington_Band___1,2,3,4___5057214.wav",Confident
Confident_Amerie___Swag_Back___6921361.wav,Confident
Sad_Wilco___How_to_Fight_Loneliness___519915.wav,Sad
Playful_The_Revillos___Yeah_Yeah___7783987.wav,Playful
Happy_The_Dykeenies___Waiting_For_Go___3112876.wav,Happy
Confident_Scooter___Panties_Wanted___578285.wav,Confident
Happy_Feist___Mushaboom___2234643.wav,Happy
Earnest_Johnny_Cash___Don_t_Take_Your_Guns_To_Town___7625135.wav,Earnest
Earnest_The_Righteous_Brothers___Unchained_Melody___168497.wav,Earnest
Confident_Donna_Summer___The_Wanderer___497332.wav,Confident
Confident_Billy_Idol___Eyes_Without_A_Face___2899045.wav,Confident
Happy_The_Polyphonic_Spree___It_s_the_Sun___97092.wav,Happy
Passionate_Dido___Isobel_[Live]___3849139.wav,Passionate
Passionate_Howie_Day___More_You_Understand___3165674.wav,Passionate
Passionate_Rufus_Wainwright___Hallelujah___4653079.wav,Passionate
"Earnest_Bob_Dylan___It_s_Alright,_Ma_(I_m_Only_Bleeding)___11050321.wav",Earnest
Passionate_David_Bowie___Lady_Grinning_Soul___13030.wav,Passionate
Playful_The_Babys___A_Piece_Of_The_Action___6080899.wav,Playful
Earnest_The_Mountain_Goats___Cotton___715619.wav,Earnest
Earnest_Heather_Nova___Make_You_Mine___5102714.wav,Earnest
Passionate_Indigo_Girls___Secure_Yourself___3165177.wav,Passionate
Earnest_Stephen_Kellogg___The_Sixers___Glassjaw_Boxer___1160089.wav,Earnest
Happy_Martin_Sexton___Diner___5749919.wav,Happy
Sad_Beck___Guess_I_m_Doing_Fine___164294.wav,Sad
Passionate_Hot_Snakes___10th_Planet___7293552.wav,Passionate
Sad_3_Doors_Down___Here_Without_You_(Live)___147252.wav,Sad
Confident_The_Smashing_Pumpkins___Tear___104265.wav,Confident
Earnest_Alanis_Morissette___These_R_the_Thoughts___87629.wav,Earnest
Passionate_The_Features___Exorcising_Demons___108307.wav,Passionate
Confident_Boston___More_Than_A_Feeling___3158567.wav,Confident
Playful_Nocturnal_Rites___Strong_Enough___8147038.wav,Playful
Earnest_Radiohead___Creep___4501072.wav,Earnest
Happy_Oh_Land___Sun_Of_A_Gun___13444536.wav,Happy
Passionate_Bryan_Adams___Please_Forgive_Me___166066.wav,Passionate
Earnest_Steve_Ellington_Band___The_Return_of_Elsa_Gillis___5078511.wav,Earnest
Sad_Chris_Brown___I_ll_Go___7111679.wav,Sad
Confident_R.E.M.___At_My_Most_Beautiful___2316532.wav,Confident
Playful_The_Avalanches___Frontier_Psychiatrist_(Radio_Edit)___401306.wav,Playful
Earnest_Stevie_Wonder___Overjoyed___4760470.wav,Earnest
Happy_Architecture_In_Helsinki___Heart_It_Races___5196958.wav,Happy
Passionate_Marvin_Gaye___I_Want_You_[Vocal_Version]___602491.wav,Passionate
Sad_Simple_Plan___Untitled___92059.wav,Sad
Happy_Toploader___Dancing_In_The_Moonlight___4374247.wav,Happy
Happy_Hall___Oates___You_Make_My_Dreams___5213919.wav,Happy
Earnest_David_Gray___This_Years_Love___1829204.wav,Earnest
Earnest_Coldplay___Viva_La_Vida___2702815.wav,Earnest
Confident_Queen___Flash___11612131.wav,Confident
Sad_Bright_Eyes___Lua___1126939.wav,Sad
Confident_Matt___Kim___No_More_Long_Years___2385444.wav,Confident
Sad_Okkervil_River___Red___571798.wav,Sad
Sad_The_Velvet_Underground___Stephanie_Says___272320.wav,Sad
Playful_Beyond_Twilight___Hellfire___2767074.wav,Playful
Passionate_Craig_Armstrong___Bess_to_see_Throckmorton___1554493.wav,Passionate
Sad_Elliott_Smith___Everything_Means_Nothing_to_Me___161804.wav,Sad
Confident_Bryan_Adams___This_Time_(Album_Version)___166058.wav,Confident
Playful_Screeching_Weasel___I_Can_See_Clearly___8799357.wav,Playful
Confident_Gang_Starr___Royalty___1613188.wav,Confident
Happy_LUCE___Good_Day___6635335.wav,Happy
Earnest_Bettie_Serveert___Smack___7006869.wav,Earnest
Sad_Mayday_Parade___Miserable_At_Best___1159889.wav,Sad
Happy_Owl_City___Super_Honeymoon___4346163.wav,Happy
Playful_Homelife___Fruit_Machine___11685325.wav,Playful
Sad_Japanther___Mornings___3794435.wav,Sad
Passionate_John_Most___In_The_Message___12288474.wav,Passionate
Passionate_Seether_(Feat._Amy_Lee)___Broken_(Featuring_Amy_Lee)___6858715.wav,Passionate
Confident_OutKast___Hey_Ya!___3297717.wav,Confident
Playful_Supergrass___Alright___7388.wav,Playful
Sad_Christina_Aguilera___I_m_OK___3388589.wav,Sad
Earnest_Wolf_Parade___Same_Ghost_Every_Night___11270808.wav,Earnest
Sad_James_Blunt___Goodbye_My_Lover___2019817.wav,Sad
Happy_Manu_Chao___Trapped_by_love___3022410.wav,Happy
Playful_Kelley_Stoltz___Your_Reverie___1787006.wav,Playful
Happy_The_Go!_Team___Fake_ID___1217514.wav,Happy
Happy_The_Go!_Team___Feelgood_By_Numbers___734561.wav,Happy
Confident_The_D.O.C.___Portrait_of_a_Master_Piece___1373999.wav,Confident
Confident_Ray_Charles___Georgia_On_My_Mind___9146397.wav,Confident
Confident_Peaches___Kick_It___2072861.wav,Confident
Happy_Ida_Maria___Louie___3544098.wav,Happy
Passionate_John_Most___Where_Work_Spouts_Sparks___12288465.wav,Passionate
Sad_Woven_Hand___Story_and_Pictures___439265.wav,Sad
Sad_Soap_Skin___Mr._Gaunt_PT_1000___4378543.wav,Sad
Playful_Stephen_Malkmus___Jo_Jo_s_Jacket___5895912.wav,Playful
Earnest_Simon___Garfunkel___Save_The_Life_Of_My_Child___3248150.wav,Earnest
Happy_R.E.M.___Shiny_Happy_People___1354038.wav,Happy
Happy_Jimmy_Cliff___I_Can_See_Clearly_Now___3263380.wav,Happy
Confident_Digable_Planets___9th_Wonder_(Blackitolism)___196905.wav,Confident
Happy_Architecture_in_Helsinki___Debbie___4554029.wav,Happy
Confident_Dave_Matthews_Band___American_Baby___5797941.wav,Confident
Sad_Nine_Inch_Nails___The_Persistence_Of_Loss___164131.wav,Sad
Passionate_Kate_Bush___Love_and_Anger___13805792.wav,Passionate
Passionate_Kiki___Herb___Temptation___13165369.wav,Passionate
Earnest_Steve_Ellington_Band___Anfang_(Intro)___5057186.wav,Earnest
Sad_Evanescence___Hello___6521483.wav,Sad
Happy_They_Might_Be_Giants___Birdhouse_In_Your_Soul___4191090.wav,Happy
Playful_Asylum_Street_Spankers___D.R.I.N.K.___2900959.wav,Playful
Confident_Steve_Ellington_Band___Turn_up_da_bass___5057206.wav,Confident
Sad_Sufjan_Stevens___The_Upper_Peninsula___2937105.wav,Sad
Passionate_Heart___Black_on_Black_II___273771.wav,Passionate
Earnest_Yo_La_Tengo___Tears_Are_in_Your_Eyes___1193144.wav,Earnest
Passionate_Regina_Belle___Baby_Come_To_Me___3219241.wav,Passionate
Sad_Ane_Brun___The_Light_From_One___15275805.wav,Sad
Earnest_The_Lemonheads___My_Drug_Buddy___2647070.wav,Earnest
Playful_The_Apples_in_Stereo___Signal_in_the_Sky_(Let_s_Go!)___8750338.wav,Playful
Sad_Sarah_McLachlan___Angel___4143113.wav,Sad
Happy_Sigur_Rós___Inní_mér_syngur_vitleysingur___2951698.wav,Happy
Playful_African_Jazz_Pioneers___Bra_Ntemi_s_Kwela___588322.wav,Playful
Playful_Kelley_Stoltz___When_You_Forget___2207070.wav,Playful
Sad_Garbage___Drive_You_Home___89351.wav,Sad
"Playful_Pluxus___Hej,_hej_igen,_hej_då___10688340.wav",Playful
Passionate_Dashboard_Confessional___The_Rush___1352430.wav,Passionate
Sad_Jason_Walker___Down___6682235.wav,Sad
Confident_Inspiral_Carpets___Two_Worlds_Collide___104140.wav,Confident
Sad_Dashboard_Confessional___This_Bitter_Pill___496707.wav,Sad
Happy_Junior_Senior___Move_Your_Feet___270596.wav,Happy
Confident_Lupe_Fiasco___I_Gotcha___3681650.wav,Confident
"Passionate_Bob_Dylan___Tonight,_I_ll_Be_Staying_Here_With_You_[Live]___4346805.wav",Passionate
Earnest_John_Lennon___Imagine___10787860.wav,Earnest
Playful_Mock_Orange___Lila___7251906.wav,Playful
Sad_Seether___Broken_(feat._Amy_Lee)___6858715.wav,Sad
Playful_Kraftwerk___Aerodynamik___6764813.wav,Playful
Earnest_Nina_Simone___Feeling_Good___4554950.wav,Earnest
Happy_Eels___Hey_Man_(Now_You_re_Really_Living)___109470.wav,Happy
Passionate_Laura_Nyro___Beads_Of_Sweat___3160860.wav,Passionate
Passionate_Pearl_Jam___Given_To_Fly___3272228.wav,Passionate
Sad_VNV_Nation___From_My_Hands___10266117.wav,Sad
Passionate_David_Bowie___Teenage_Wildlife___12969.wav,Passionate
"Playful_Grateful_Dead___Good_Morning,_Little_School_Girl___8916024.wav",Playful
Happy_Eels___Mr._E_s_Beautiful_Blues___2198355.wav,Happy
Happy_Graffiti6___Stare_into_the_Sun___10936082.wav,Happy
Confident_Kelly_Clarkson___I_Hate_Myself_For_Losing_You___3428709.wav,Confident
Happy_Britt_Nicole___Headphones___5939443.wav,Happy
Passionate_Jon_Foreman___Deep_In_Your_Eyes___2846417.wav,Passionate
Sad_Silverchair___Cemetery___3228204.wav,Sad
Confident_The_D.O.C.___Whirlwind_Pyramid___1373995.wav,Confident
Confident_Björk___Army_Of_Me___3677356.wav,Confident
Sad_Soap_Skin___Fall_Foliage___4378541.wav,Sad
Confident_Poe___Control___6246688.wav,Confident
Earnest_Michael_Hedges___Aerial_Boundaries___3327918.wav,Earnest
Earnest_Amy_Macdonald___Youth_Of_Today___10979604.wav,Earnest
Happy_MIKA___We_Are_Golden___6246511.wav,Happy
Sad_Robyn___Dancing_On_My_Own_(Radio_Version)___9086598.wav,Sad
Earnest_El_Presidente___Keep_On_Walking___3470637.wav,Earnest
Confident_Kylie_Minogue___Chocolate___10134181.wav,Confident
Playful_I_Am_Robot_and_Proud___Winter_at_Night___4953828.wav,Playful
Sad_Dido___The_Day_Before_The_Day___3720810.wav,Sad
Confident_JAY-Z___Blueprint_(Momma_Loves_Me)___86576.wav,Confident
Playful_of_Montreal___The_Events_Leading_up_to_the_Collapse_of_Detective_Dulllight___2741959.wav,Playful
Playful_Bauer___Doctor_In_Love___8178339.wav,Playful
"Sad_Nine_Inch_Nails___Gone,_Still___164128.wav",Sad
Sad_John_Frusciante___The_Will_To_Death___12632981.wav,Sad
Confident_The_Spinners___I_ll_Be_Around___1125852.wav,Confident
Sad_Damien_Rice___Delicate___9833.wav,Sad
Earnest_Dave_Matthews_Band___Proudest_Monkey___10562862.wav,Earnest
Passionate_Lavern_Baker___How_Often___139528.wav,Passionate
Sad_Damien_Rice___9_Crimes___512528.wav,Sad
Confident_Daft_Punk___Voyager___485125.wav,Confident
Passionate_3_Doors_Down___When_I_m_Gone_[Live]___147247.wav,Passionate
Sad_Damien_Rice___Cheers_Darlin____79597.wav,Sad
Playful_Samiam___Conditions___11340289.wav,Playful
Sad_Vertical_Horizon___Best_I_Ever_Had_(Grey_Sky_Morning)___4532606.wav,Sad
Happy_Herman_Düne___I_wish_that_I_could_see_you_soon___722231.wav,Happy
Passionate_Buffalo_Tom___Would_not_be_denied___308136.wav,Passionate
Sad_Counting_Crows___Colorblind___163227.wav,Sad
Sad_Ben_Folds_Five___Brick___3166552.wav,Sad
Sad_Elliott_Smith___Twilight___11144060.wav,Sad
Happy_Faces___Ooh_La_La___5567357.wav,Happy
Confident_Fun_Lovin__Criminals___We_Are_All_Very_Worried_About_You___6880.wav,Confident
Confident_Beyoncé___Deja_Vu___3111126.wav,Confident
Happy_Jason_Mraz___I_m_Yours___2876291.wav,Happy
Sad_James_Blunt___No_Bravery___1401884.wav,Sad
Earnest_Dave_Matthews_Band___Hunger_For_The_Great_Light___5797966.wav,Earnest
Happy_Spongebob_Squarepants___The_Best_Day_Ever___5605041.wav,Happy
Passionate_Paper_Bird___Vessel___11383347.wav,Passionate
Playful_Head_Automatica___Beating_Heart_Baby(Chris_Lord-Alge_Remix)___1408105.wav,Playful
Playful_Helen_Love___Atomic_Beat_Boy___6678844.wav,Playful
Earnest_Prince_Po___Be_Easy___3403775.wav,Earnest
Confident_L.I.F.E._Long___Outside___3671572.wav,Confident
Earnest_The_Decemberists___As_I_Rise___6048620.wav,Earnest
Sad_Britney_Spears___Everytime___3371815.wav,Sad
Happy_Fang_Island___Daisy___8003554.wav,Happy
Passionate_John_Most___Six___780850.wav,Passionate
Playful_Talking_Heads___This_Must_Be_the_Place_(Naive_Melody)_(live)___92244.wav,Playful
Sad_Katy_Perry___I_m_Still_Breathing___3549472.wav,Sad
Passionate_Indigo_Girls___Blood_And_Fire___3209072.wav,Passionate
Happy_Sondre_Lerche___Modern_Nature___6652.wav,Happy
Passionate_Mama_Cass___tony_and_delia___12980522.wav,Passionate
